TARGET_CLASS,configuration_id,criterion,ctg_min_time_per_job,ctg_schedule,search_budget,p_object_pool,ctg_time_per_class,Size,Length,Total_Time,Random_Seed,LineCoverage,LineCoverageBitString,BranchCoverage,BranchCoverageBitString,ExceptionCoverage,ExceptionCoverageBitString,Explicit_MethodExceptions,Explicit_TypeExceptions,Implicit_MethodExceptions,Implicit_TypeExceptions,WeakMutationScore,WeakMutationCoverageBitString,OutputCoverage,OutputCoverageBitString,MethodCoverage,MethodCoverageBitString,MethodNoExceptionCoverage,MethodNoExceptionCoverageBitString,CBranchCoverage,CBranchCoverageBitString
com.jwetherell.algorithms.mathematics.Primes,default,LINE;BRANCH;EXCEPTION;WEAKMUTATION;OUTPUT;METHOD;METHODNOEXCEPTION;CBRANCH,1,BUDGET,90,0.3,2,42,381,133284,1711838729681,1.0,111111111111111111111111111111111111111111111111111111111111111111111111111111,0.9402985074626866,1111101110111111111111111111111111101111111111111111111011111111111,1.0,11111,0,0,5,4,0.9832635983263598,1111111111111111111111111111111111111111111111101111111111111111111111111111111111111111111111111111111111111111111111011111111111111111111111110111111111111111111111111111101111111111111111111111011111111111111111111111111111111110111111111111111111111111111111110111111111111111111111111111111111111111111111111111101111111111111111111111111111111111111111111111111111111111111111111111111111111111111111111111111111111111111111111111111111111111111111111111111111111111111111,0.8333333333333334,110110111111,1.0,11111,1.0,11111,0.9402985074626866,1111110110111111111111111111111111110111111111111111111011111111111
